bank,sentiment_score
Dashen,0.9780455809650999
CBE,0.9615544973321222
BOA,0.9566651369426765
